ark,title,date,total_words,content_words,pos_hits,neg_hits,sentiment_score,ocr_quality
bd6t5334368f,Le Scout : revue des Scouts de France,1938,8445,4357,124,36,0.55,0.815
bd6t53343795,Le Scout : revue des Scouts de France,1938,10190,4948,152,24,0.7273,0.831
bd6t5337217v,Le Scout : revue des Scouts de France,1934,9837,4719,132,55,0.4118,0.847
bd6t53372891,Le Scout : revue des Scouts de France,1939,10460,5554,171,40,0.6209,0.791
bd6t5337290z,Le Scout : revue des Scouts de France,1939,10990,5417,142,35,0.6045,0.854
bd6t5337294g,Le Scout : revue des Scouts de France,1939,12039,5615,173,66,0.4477,0.849
bd6t5337325r,Le Scout : revue des Scouts de France,1939,8968,4375,162,30,0.6875,0.829
bd6t5337327h,Le Scout : revue des Scouts de France,1939,9773,4442,119,61,0.3222,0.842
bd6t5337328w,Le Scout : revue des Scouts de France,1939,8472,3849,123,48,0.4386,0.861
bd6t53373298,Le Scout : revue des Scouts de France,1939,9287,4399,153,39,0.5938,0.849
bd6t53373306,Le Scout : revue des Scouts de France,1939,8642,4071,157,47,0.5392,0.854
bpt6k23555475,Le Scout de France : revue officielle de la Fédération nationale catholique des scouts de France,1926,4986,2472,89,22,0.6036,0.841
bpt6k2355548k,Le Scout de France : revue officielle de la Fédération nationale catholique des scouts de France,1926,4579,2329,60,22,0.4634,0.814
bpt6k23555490,Le Scout de France : revue officielle de la Fédération nationale catholique des scouts de France,1926,4387,2272,64,13,0.6623,0.808
bpt6k2355550n,Le Scout de France : revue officielle de la Fédération nationale catholique des scouts de France,1926,5508,2963,99,40,0.4245,0.774
bpt6k23555512,Le Scout de France : revue officielle de la Fédération nationale catholique des scouts de France,1926,4804,2383,95,20,0.6522,0.82
bpt6k2355552g,Le Scout de France : revue officielle de la Fédération nationale catholique des scouts de France,1926,6326,3219,76,26,0.4902,0.805
bpt6k2355553w,Le Scout de France : revue officielle de la Fédération nationale catholique des scouts de France,1926,9278,4805,167,31,0.6869,0.782
bpt6k23555549,Le Scout de France : revue officielle de la Fédération nationale catholique des scouts de France,1926,9345,4688,161,25,0.7312,0.814
bpt6k2355555q,Le Scout de France : revue officielle de la Fédération nationale catholique des scouts de France,1926,11745,6017,245,23,0.8284,0.832
bpt6k23555564,Le Scout de France : revue officielle de la Fédération nationale catholique des scouts de France,1927,9540,4741,169,31,0.69,0.837
bpt6k2355557j,Le Scout de France : revue officielle de la Fédération nationale catholique des scouts de France,1927,11512,5873,128,55,0.3989,0.805
bpt6k2355558z,Le Scout de France : revue officielle de la Fédération nationale catholique des scouts de France,1927,7693,3809,99,16,0.7217,0.806
bpt6k2355559c,Le Scout de France : revue officielle de la Fédération nationale catholique des scouts de France,1927,12594,6663,210,43,0.6601,0.701
bpt6k23555601,Le Scout de France : revue officielle de la Fédération nationale catholique des scouts de France,1927,10871,5572,155,22,0.7514,0.792
bpt6k2355561f,Le Scout de France : revue officielle de la Fédération nationale catholique des scouts de France,1927,10086,5129,142,49,0.4869,0.814
bpt6k2355562v,Le Scout de France : revue officielle de la Fédération nationale catholique des scouts de France,1927,12501,6281,183,45,0.6053,0.809
bpt6k23555638,Le Scout de France : revue officielle de la Fédération nationale catholique des scouts de France,1927,9328,4608,156,28,0.6957,0.802
bpt6k2355564p,Le Scout de France : revue officielle de la Fédération nationale catholique des scouts de France,1927,8707,4413,118,20,0.7101,0.806
bpt6k23555653,Le Scout de France : revue officielle de la Fédération nationale catholique des scouts de France,1927,8925,4465,155,24,0.7318,0.82
bpt6k2355566h,Le Scout de France : revue officielle de la Fédération nationale catholique des scouts de France,1927,7871,3982,139,35,0.5977,0.818
bpt6k2355567x,Le Scout de France : revue officielle de la Fédération nationale catholique des scouts de France,1927,10997,5469,200,53,0.581,0.818
bpt6k2355568b,Le Scout de France : revue officielle de la Fédération nationale catholique des scouts de France,1928,6806,3314,99,23,0.623,0.834
bpt6k2355569r,Le Scout de France : revue officielle de la Fédération nationale catholique des scouts de France,1928,7591,3962,105,40,0.4483,0.789
bpt6k2355570d,Le Scout de France : revue officielle de la Fédération nationale catholique des scouts de France,1928,10325,5266,138,18,0.7692,0.79
bpt6k2355571t,Le Scout de France : revue officielle de la Fédération nationale catholique des scouts de France,1928,8019,3985,129,32,0.6025,0.83
bpt6k23555727,Le Scout de France : revue officielle de la Fédération nationale catholique des scouts de France,1928,6471,3350,87,12,0.7576,0.814
bpt6k2355573n,Le Scout de France : revue officielle de la Fédération nationale catholique des scouts de France,1928,9288,4748,140,11,0.8543,0.831
bpt6k23555742,Le Scout de France : revue officielle de la Fédération nationale catholique des scouts de France,1928,10722,5679,159,25,0.7283,0.804
bpt6k2355575g,Le Scout de France : revue officielle de la Fédération nationale catholique des scouts de France,1928,10435,5431,138,17,0.7806,0.797
bpt6k2355576w,Le Scout de France : revue officielle de la Fédération nationale catholique des scouts de France,1928,8233,4159,124,21,0.7103,0.797
bpt6k23555779,Le Scout de France : revue officielle de la Fédération nationale catholique des scouts de France,1928,6946,3554,94,26,0.5667,0.825
bpt6k2355578q,Le Scout de France : revue officielle de la Fédération nationale catholique des scouts de France,1928,11022,5513,193,41,0.6496,0.824
bpt6k23555794,Le Scout de France : revue officielle de la Fédération nationale catholique des scouts de France,1927,1105,600,13,0,1.0,0.79
bpt6k2355580s,Le Scout de France : revue officielle de la Fédération nationale catholique des scouts de France,1927,2185,1166,26,5,0.6774,0.804
bpt6k23555816,Le Scout de France : revue officielle de la Fédération nationale catholique des scouts de France,1927,330,194,4,0,1.0,0.821
bpt6k2355582m,Le Scout de France : revue officielle de la Fédération nationale catholique des scouts de France,1927,4065,2014,56,12,0.6471,0.853
bpt6k23555831,Le Scout de France : revue officielle de la Fédération nationale catholique des scouts de France,1929,9104,4598,165,13,0.8539,0.791
bpt6k2355584f,Le Scout de France : revue officielle de la Fédération nationale catholique des scouts de France,1929,8326,4261,124,29,0.6209,0.818
bpt6k2355585v,Le Scout de France : revue officielle de la Fédération nationale catholique des scouts de France,1929,8607,4375,133,14,0.8095,0.823
bpt6k23555868,Le Scout de France : revue officielle de la Fédération nationale catholique des scouts de France,1929,8384,4647,100,23,0.626,0.792
bpt6k2355587p,Le Scout de France : revue officielle de la Fédération nationale catholique des scouts de France,1929,8413,4457,145,38,0.5847,0.803
bpt6k23555883,Le Scout de France : revue officielle de la Fédération nationale catholique des scouts de France,1929,6927,3664,120,7,0.8898,0.805
bpt6k2355589h,Le Scout de France : revue officielle de la Fédération nationale catholique des scouts de France,1929,9596,5073,98,18,0.6897,0.815
bpt6k23555905,Le Scout de France : revue officielle de la Fédération nationale catholique des scouts de France,1929,8726,4612,135,6,0.9149,0.796
bpt6k2355591k,Le Scout de France : revue officielle de la Fédération nationale catholique des scouts de France,1929,8684,4312,126,20,0.726,0.821
bpt6k23555920,Le Scout de France : revue officielle de la Fédération nationale catholique des scouts de France,1929,8223,3990,121,31,0.5921,0.832
bpt6k2355593d,Le Scout de France : revue officielle de la Fédération nationale catholique des scouts de France,1929,7156,3576,104,15,0.7479,0.817
bpt6k2355594t,Le Scout de France : revue officielle de la Fédération nationale catholique des scouts de France,1929,7113,3344,119,51,0.4,0.822
bpt6k23555957,Le Scout de France : revue officielle de la Fédération nationale catholique des scouts de France,1929,6973,3527,101,23,0.629,0.822
bpt6k2355596n,Le Scout de France : revue officielle de la Fédération nationale catholique des scouts de France,1930,8855,4379,151,32,0.6503,0.825
bpt6k23555972,Le Scout de France : revue officielle de la Fédération nationale catholique des scouts de France,1930,7446,3666,114,19,0.7143,0.816
bpt6k2355598g,Le Scout de France : revue officielle de la Fédération nationale catholique des scouts de France,1930,5653,2852,87,16,0.6893,0.812
bpt6k2355599w,Le Scout de France : revue officielle de la Fédération nationale catholique des scouts de France,1930,8073,4003,116,27,0.6224,0.823
bpt6k23556003,Le Scout de France : revue officielle de la Fédération nationale catholique des scouts de France,1930,10750,5344,173,52,0.5378,0.829
bpt6k2355601h,Le Scout de France : revue officielle de la Fédération nationale catholique des scouts de France,1930,10637,5264,142,40,0.5604,0.815
bpt6k2355602x,Le Scout de France : revue officielle de la Fédération nationale catholique des scouts de France,1930,12302,6137,162,42,0.5882,0.833
bpt6k2355603b,Le Scout de France : revue officielle de la Fédération nationale catholique des scouts de France,1930,9049,4571,132,40,0.5349,0.832
bpt6k2355604r,Le Scout de France : revue officielle de la Fédération nationale catholique des scouts de France,1930,11907,5651,203,57,0.5615,0.837
bpt6k23556055,Le Scout de France : revue officielle de la Fédération nationale catholique des scouts de France,1930,11916,6020,170,45,0.5814,0.83
bpt6k2355606k,Le Scout de France : revue officielle de la Fédération nationale catholique des scouts de France,1930,6269,3283,99,18,0.6923,0.81
bpt6k23556070,Le Scout de France : revue officielle de la Fédération nationale catholique des scouts de France,1930,9129,4876,102,33,0.5111,0.692
bpt6k2355608d,Le Scout de France : revue officielle de la Fédération nationale catholique des scouts de France,1930,11229,5650,148,21,0.7515,0.83
bpt6k2355609t,Le Scout de France : revue officielle de la Fédération nationale catholique des scouts de France,1930,10775,5460,138,36,0.5862,0.829
bpt6k2355610g,Le Scout de France : revue officielle de la Fédération nationale catholique des scouts de France,1930,10811,5406,119,37,0.5256,0.827
bpt6k2355611w,Le Scout de France : revue officielle de la Fédération nationale catholique des scouts de France,1930,12459,6521,183,50,0.5708,0.829
bpt6k23556129,Le Scout de France : revue officielle de la Fédération nationale catholique des scouts de France,1930,10847,5365,145,32,0.6384,0.819
bpt6k2355613q,Le Scout de France : revue officielle de la Fédération nationale catholique des scouts de France,1930,14665,7270,240,40,0.7143,0.822
bpt6k23556144,Le Scout de France : revue officielle de la Fédération nationale catholique des scouts de France,1930,14762,7693,228,51,0.6344,0.812
bpt6k2355615j,Le Scout de France : revue officielle de la Fédération nationale catholique des scouts de France,1930,16961,8274,217,51,0.6194,0.832
bpt6k2355616z,Le Scout de France : revue officielle de la Fédération nationale catholique des scouts de France,1930,12909,6298,200,42,0.6529,0.847
bpt6k2355617c,Le Scout de France : revue officielle de la Fédération nationale catholique des scouts de France,1929,11158,5502,174,76,0.392,0.82
bpt6k2355618s,Le Scout de France : revue officielle de la Fédération nationale catholique des scouts de France,1931,17612,9263,254,64,0.5975,0.807
bpt6k23556196,Le Scout de France : revue officielle de la Fédération nationale catholique des scouts de France,1931,10483,5211,147,30,0.661,0.827
bpt6k2355620v,Le Scout de France : revue officielle de la Fédération nationale catholique des scouts de France,1931,16312,8357,218,54,0.6029,0.738
bpt6k23556218,Le Scout de France : revue officielle de la Fédération nationale catholique des scouts de France,1931,12892,6374,210,47,0.6342,0.824
bpt6k2355622p,,,10005,4858,133,29,0.642,0.831
bpt6k23556233,Le Scout de France : revue officielle de la Fédération nationale catholique des scouts de France,1931,12056,5948,188,31,0.7169,0.832
bpt6k2355624h,Le Scout de France : revue officielle de la Fédération nationale catholique des scouts de France,1931,5329,2583,67,26,0.4409,0.809
bpt6k2355625x,Le Scout de France : revue officielle de la Fédération nationale catholique des scouts de France,1931,6573,3401,123,21,0.7083,0.816
bpt6k2355626b,Le Scout de France : revue officielle de la Fédération nationale catholique des scouts de France,1931,8398,4271,138,25,0.6933,0.824
bpt6k2355627r,Le Scout de France : revue officielle de la Fédération nationale catholique des scouts de France,1931,12898,6678,184,44,0.614,0.818
bpt6k23556285,Le Scout de France : revue officielle de la Fédération nationale catholique des scouts de France,1931,13222,6572,215,27,0.7769,0.838
bpt6k2355629k,Le Scout de France : revue officielle de la Fédération nationale catholique des scouts de France,1931,13842,6949,195,42,0.6456,0.839
bpt6k23556307,Le Scout de France : revue officielle de la Fédération nationale catholique des scouts de France,1931,10659,5436,160,27,0.7112,0.833
bpt6k2355631n,Le Scout de France : revue officielle de la Fédération nationale catholique des scouts de France,1931,11360,5581,186,20,0.8058,0.844
bpt6k23556322,Le Scout de France : revue officielle de la Fédération nationale catholique des scouts de France,1931,10490,5092,150,33,0.6393,0.834
bpt6k2355633g,Le Scout de France : revue officielle de la Fédération nationale catholique des scouts de France,1931,11668,6148,156,19,0.7829,0.823
bpt6k2355634w,,,6138,3123,83,8,0.8242,0.808
bpt6k23556359,Le Scout de France : revue officielle de la Fédération nationale catholique des scouts de France,1931,9089,4587,152,10,0.8765,0.824
bpt6k2355636q,Le Scout de France : revue officielle de la Fédération nationale catholique des scouts de France,1931,5375,2720,76,14,0.6889,0.808
bpt6k23556374,Le Scout de France : revue officielle de la Fédération nationale catholique des scouts de France,1931,9721,4892,151,26,0.7062,0.834
bpt6k2355638j,Le Scout de France : revue officielle de la Fédération nationale catholique des scouts de France,1931,6218,3174,77,14,0.6923,0.828
bpt6k2355639z,Le Scout de France : revue officielle de la Fédération nationale catholique des scouts de France,1931,9358,4548,119,30,0.5973,0.835
bpt6k2355640m,Le Scout de France : revue officielle de la Fédération nationale catholique des scouts de France,1932,9029,4880,105,27,0.5909,0.759
bpt6k23556411,Le Scout de France : revue officielle de la Fédération nationale catholique des scouts de France,1932,5436,2883,90,14,0.7308,0.806
bpt6k2355642f,Le Scout de France : revue officielle de la Fédération nationale catholique des scouts de France,1932,5975,2925,122,30,0.6053,0.802
bpt6k2355643v,Le Scout de France : revue officielle de la Fédération nationale catholique des scouts de France,1932,9715,4836,132,22,0.7143,0.805
bpt6k23556448,Le Scout de France : revue officielle de la Fédération nationale catholique des scouts de France,1932,6305,3115,105,21,0.6667,0.799
bpt6k2355645p,Le Scout de France : revue officielle de la Fédération nationale catholique des scouts de France,1932,10940,5198,169,22,0.7696,0.842
bpt6k23556463,Le Scout de France : revue officielle de la Fédération nationale catholique des scouts de France,1932,9257,4562,124,38,0.5309,0.827
bpt6k2355647h,Le Scout de France : revue officielle de la Fédération nationale catholique des scouts de France,1932,6750,3410,87,18,0.6571,0.808
bpt6k2355648x,Le Scout de France : revue officielle de la Fédération nationale catholique des scouts de France,1932,7928,4005,128,28,0.641,0.831
bpt6k2355649b,Le Scout de France : revue officielle de la Fédération nationale catholique des scouts de France,1932,11144,5715,203,34,0.7131,0.825
bpt6k23556500,Le Scout de France : revue officielle de la Fédération nationale catholique des scouts de France,1932,3907,2143,48,11,0.6271,0.788
bpt6k2355651d,Le Scout de France : revue officielle de la Fédération nationale catholique des scouts de France,1932,12525,6395,165,33,0.6667,0.825
bpt6k2355652t,Le Scout de France : revue officielle de la Fédération nationale catholique des scouts de France,1932,11082,5589,156,63,0.4247,0.804
bpt6k23556537,Le Scout de France : revue officielle de la Fédération nationale catholique des scouts de France,1932,11123,5689,170,43,0.5962,0.808
bpt6k2355654n,Le Scout de France : revue officielle de la Fédération nationale catholique des scouts de France,1932,13111,6585,190,56,0.5447,0.823
bpt6k23556552,Le Scout de France : revue officielle de la Fédération nationale catholique des scouts de France,1932,11220,5704,205,42,0.6599,0.797
bpt6k2355656g,Le Scout de France : revue officielle de la Fédération nationale catholique des scouts de France,1932,7177,3583,91,21,0.625,0.82
bpt6k2355657w,Le Scout de France : revue officielle de la Fédération nationale catholique des scouts de France,1932,10363,5230,138,26,0.6829,0.828
bpt6k23556589,Le Scout de France : revue officielle de la Fédération nationale catholique des scouts de France,1932,10733,5344,162,46,0.5577,0.819
bpt6k2355659q,Le Scout de France : revue officielle de la Fédération nationale catholique des scouts de France,1932,13926,6802,213,56,0.5836,0.817
bpt6k2355660c,Le Scout de France : revue officielle de la Fédération nationale catholique des scouts de France,1932,11105,5352,177,60,0.4937,0.842
bpt6k2355661s,Le Scout de France : revue officielle de la Fédération nationale catholique des scouts de France,1933,8833,4348,147,42,0.5556,0.829
bpt6k23556626,Le Scout de France : revue officielle de la Fédération nationale catholique des scouts de France,1933,8384,4520,133,41,0.5287,0.752
bpt6k2355663m,Le Scout de France : revue officielle de la Fédération nationale catholique des scouts de France,1933,9476,4833,142,27,0.6805,0.82
bpt6k23556641,Le Scout de France : revue officielle de la Fédération nationale catholique des scouts de France,1933,11279,5381,157,32,0.6614,0.835
bpt6k2355665f,Le Scout de France : revue officielle de la Fédération nationale catholique des scouts de France,1933,12721,6318,193,48,0.6017,0.844
