ark,title,date,year,total_words,violence_count,violence_rate_per_1k,war_combat,physical_violence,weapons,conflict_aggression
bpt6k2355622p,,,,10005,53,5.297,19,16,13,5
bpt6k2355634w,,,,6138,31,5.051,23,5,0,3
bpt6k23555475,Le Scout de France : revue officielle de la Fédération nationale catholique des scouts de France,1926-01-15,1926.0,4986,45,9.025,30,12,2,1
bpt6k2355548k,Le Scout de France : revue officielle de la Fédération nationale catholique des scouts de France,1926-02-15,1926.0,4579,36,7.862,17,6,9,4
bpt6k23555490,Le Scout de France : revue officielle de la Fédération nationale catholique des scouts de France,1926-03-15,1926.0,4387,45,10.258,21,9,4,11
bpt6k2355550n,Le Scout de France : revue officielle de la Fédération nationale catholique des scouts de France,1926-04-15,1926.0,5508,59,10.712,32,14,10,3
bpt6k23555512,Le Scout de France : revue officielle de la Fédération nationale catholique des scouts de France,1926-05-15,1926.0,4804,36,7.494,30,2,1,3
bpt6k2355552g,Le Scout de France : revue officielle de la Fédération nationale catholique des scouts de France,1926-06-01,1926.0,6326,60,9.485,26,15,5,14
bpt6k2355553w,Le Scout de France : revue officielle de la Fédération nationale catholique des scouts de France,1926-07-01,1926.0,9278,70,7.545,45,12,6,7
bpt6k23555549,Le Scout de France : revue officielle de la Fédération nationale catholique des scouts de France,1926-11-01,1926.0,9345,77,8.24,45,11,9,12
bpt6k2355555q,Le Scout de France : revue officielle de la Fédération nationale catholique des scouts de France,1926-12-25,1926.0,11745,55,4.683,36,14,4,1
bpt6k23555564,Le Scout de France : revue officielle de la Fédération nationale catholique des scouts de France,1927-01-01,1927.0,9540,66,6.918,53,8,0,5
bpt6k2355557j,Le Scout de France : revue officielle de la Fédération nationale catholique des scouts de France,1927-02-01,1927.0,11512,134,11.64,75,31,16,12
bpt6k2355558z,Le Scout de France : revue officielle de la Fédération nationale catholique des scouts de France,1927-03-01,1927.0,7693,39,5.07,22,12,4,1
bpt6k2355559c,Le Scout de France : revue officielle de la Fédération nationale catholique des scouts de France,1927-04-01,1927.0,12594,82,6.511,50,20,6,6
bpt6k23555601,Le Scout de France : revue officielle de la Fédération nationale catholique des scouts de France,1927-05-01,1927.0,10871,78,7.175,69,3,1,5
bpt6k2355561f,Le Scout de France : revue officielle de la Fédération nationale catholique des scouts de France,1927-06-01,1927.0,10086,91,9.022,52,18,4,17
bpt6k2355562v,Le Scout de France : revue officielle de la Fédération nationale catholique des scouts de France,1927-07-01,1927.0,12501,97,7.759,42,31,15,9
bpt6k23555638,Le Scout de France : revue officielle de la Fédération nationale catholique des scouts de France,1927-08-01,1927.0,9328,54,5.789,33,10,3,8
bpt6k23555794,Le Scout de France : revue officielle de la Fédération nationale catholique des scouts de France,1927-08-12,1927.0,1105,2,1.81,2,0,0,0
bpt6k2355580s,Le Scout de France : revue officielle de la Fédération nationale catholique des scouts de France,1927-08-13,1927.0,2185,22,10.069,16,5,0,1
bpt6k23555816,Le Scout de France : revue officielle de la Fédération nationale catholique des scouts de France,1927-08-15,1927.0,330,1,3.03,0,1,0,0
bpt6k2355582m,Le Scout de France : revue officielle de la Fédération nationale catholique des scouts de France,1927-08-16,1927.0,4065,31,7.626,21,6,2,2
bpt6k2355564p,Le Scout de France : revue officielle de la Fédération nationale catholique des scouts de France,1927-09-01,1927.0,8707,28,3.216,16,6,3,3
bpt6k23555653,Le Scout de France : revue officielle de la Fédération nationale catholique des scouts de France,1927-10-01,1927.0,8925,49,5.49,35,10,2,2
bpt6k2355566h,Le Scout de France : revue officielle de la Fédération nationale catholique des scouts de France,1927-11-01,1927.0,7871,70,8.893,50,11,4,5
bpt6k2355567x,Le Scout de France : revue officielle de la Fédération nationale catholique des scouts de France,1927-12-25,1927.0,10997,62,5.638,14,24,16,8
bpt6k2355568b,Le Scout de France : revue officielle de la Fédération nationale catholique des scouts de France,1928-01-01,1928.0,6806,59,8.669,28,11,12,8
bpt6k2355569r,Le Scout de France : revue officielle de la Fédération nationale catholique des scouts de France,1928-02-01,1928.0,7591,49,6.455,31,9,4,5
bpt6k2355570d,Le Scout de France : revue officielle de la Fédération nationale catholique des scouts de France,1928-03-01,1928.0,10325,61,5.908,38,14,5,4
bpt6k2355571t,Le Scout de France : revue officielle de la Fédération nationale catholique des scouts de France,1928-04-01,1928.0,8019,77,9.602,50,18,5,4
bpt6k23555727,Le Scout de France : revue officielle de la Fédération nationale catholique des scouts de France,1928-05-01,1928.0,6471,46,7.109,36,6,2,2
bpt6k2355573n,Le Scout de France : revue officielle de la Fédération nationale catholique des scouts de France,1928-06-01,1928.0,9288,52,5.599,44,4,3,1
bpt6k23555742,Le Scout de France : revue officielle de la Fédération nationale catholique des scouts de France,1928-07-01,1928.0,10722,71,6.622,54,7,1,9
bpt6k2355575g,Le Scout de France : revue officielle de la Fédération nationale catholique des scouts de France,1928-08-01,1928.0,10435,68,6.517,57,9,1,1
bpt6k2355576w,Le Scout de France : revue officielle de la Fédération nationale catholique des scouts de France,1928-09-01,1928.0,8233,53,6.438,38,11,1,3
bpt6k23555779,Le Scout de France : revue officielle de la Fédération nationale catholique des scouts de France,1928-10-01,1928.0,6946,53,7.63,20,11,14,8
bpt6k2355578q,Le Scout de France : revue officielle de la Fédération nationale catholique des scouts de France,1928-11-01,1928.0,11022,66,5.988,33,24,4,5
bpt6k2355617c,Le Scout de France : revue officielle de la Fédération nationale catholique des scouts de France,1929,1929.0,11158,150,13.443,80,32,24,14
bpt6k23555831,Le Scout de France : revue officielle de la Fédération nationale catholique des scouts de France,1929-01-01,1929.0,9104,38,4.174,30,6,1,1
bpt6k2355584f,Le Scout de France : revue officielle de la Fédération nationale catholique des scouts de France,1929-02-01,1929.0,8326,54,6.486,31,18,1,4
bpt6k2355585v,Le Scout de France : revue officielle de la Fédération nationale catholique des scouts de France,1929-03-01,1929.0,8607,68,7.901,61,4,1,2
bpt6k23555868,Le Scout de France : revue officielle de la Fédération nationale catholique des scouts de France,1929-04-01,1929.0,8384,55,6.56,29,13,8,5
bpt6k2355587p,Le Scout de France : revue officielle de la Fédération nationale catholique des scouts de France,1929-05-01,1929.0,8413,81,9.628,46,16,7,12
bpt6k23555883,Le Scout de France : revue officielle de la Fédération nationale catholique des scouts de France,1929-06-01,1929.0,6927,54,7.796,45,2,5,2
bpt6k2355589h,Le Scout de France : revue officielle de la Fédération nationale catholique des scouts de France,1929-07-01,1929.0,9596,56,5.836,49,7,0,0
bpt6k23555905,Le Scout de France : revue officielle de la Fédération nationale catholique des scouts de France,1929-09-01,1929.0,8726,22,2.521,19,3,0,0
bpt6k2355591k,Le Scout de France : revue officielle de la Fédération nationale catholique des scouts de France,1929-10-01,1929.0,8684,45,5.182,39,4,1,1
bpt6k23555920,Le Scout de France : revue officielle de la Fédération nationale catholique des scouts de France,1929-10-15,1929.0,8223,70,8.513,35,23,3,9
bpt6k2355593d,Le Scout de France : revue officielle de la Fédération nationale catholique des scouts de France,1929-11-01,1929.0,7156,46,6.428,25,11,3,7
bpt6k2355594t,Le Scout de France : revue officielle de la Fédération nationale catholique des scouts de France,1929-11-15,1929.0,7113,46,6.467,24,18,0,4
bpt6k23555957,Le Scout de France : revue officielle de la Fédération nationale catholique des scouts de France,1929-12-01,1929.0,6973,36,5.163,30,5,0,1
bpt6k2355596n,Le Scout de France : revue officielle de la Fédération nationale catholique des scouts de France,1930-01-01,1930.0,8855,32,3.614,22,6,0,4
bpt6k23555972,Le Scout de France : revue officielle de la Fédération nationale catholique des scouts de France,1930-01-15,1930.0,7446,8,1.074,2,3,2,1
bpt6k2355598g,Le Scout de France : revue officielle de la Fédération nationale catholique des scouts de France,1930-02-01,1930.0,5653,21,3.715,19,2,0,0
bpt6k2355599w,Le Scout de France : revue officielle de la Fédération nationale catholique des scouts de France,1930-02-15,1930.0,8073,52,6.441,33,13,1,5
bpt6k23556003,Le Scout de France : revue officielle de la Fédération nationale catholique des scouts de France,1930-03-01,1930.0,10750,87,8.093,57,21,2,7
bpt6k2355601h,Le Scout de France : revue officielle de la Fédération nationale catholique des scouts de France,1930-03-15,1930.0,10637,61,5.735,34,22,1,4
bpt6k2355602x,Le Scout de France : revue officielle de la Fédération nationale catholique des scouts de France,1930-04-01,1930.0,12302,56,4.552,29,20,2,5
bpt6k2355603b,Le Scout de France : revue officielle de la Fédération nationale catholique des scouts de France,1930-04-15,1930.0,9049,67,7.404,39,15,4,9
bpt6k2355604r,Le Scout de France : revue officielle de la Fédération nationale catholique des scouts de France,1930-05-01,1930.0,11907,70,5.879,29,31,3,7
bpt6k23556055,Le Scout de France : revue officielle de la Fédération nationale catholique des scouts de France,1930-05-15,1930.0,11916,82,6.882,34,32,5,11
bpt6k2355606k,Le Scout de France : revue officielle de la Fédération nationale catholique des scouts de France,1930-06-01,1930.0,6269,47,7.497,27,13,3,4
bpt6k23556070,Le Scout de France : revue officielle de la Fédération nationale catholique des scouts de France,1930-06-15,1930.0,9129,62,6.792,36,22,1,3
bpt6k2355608d,Le Scout de France : revue officielle de la Fédération nationale catholique des scouts de France,1930-07-01,1930.0,11229,64,5.7,43,16,1,4
bpt6k2355609t,Le Scout de France : revue officielle de la Fédération nationale catholique des scouts de France,1930-07-15,1930.0,10775,85,7.889,54,19,6,6
bpt6k2355610g,Le Scout de France : revue officielle de la Fédération nationale catholique des scouts de France,1930-08-01,1930.0,10811,58,5.365,26,20,5,7
bpt6k2355611w,Le Scout de France : revue officielle de la Fédération nationale catholique des scouts de France,1930-09-01,1930.0,12459,87,6.983,46,26,10,5
bpt6k23556129,Le Scout de France : revue officielle de la Fédération nationale catholique des scouts de France,1930-10-01,1930.0,10847,54,4.978,38,12,2,2
bpt6k2355613q,Le Scout de France : revue officielle de la Fédération nationale catholique des scouts de France,1930-10-15,1930.0,14665,77,5.251,35,31,2,9
bpt6k23556233,Le Scout de France : revue officielle de la Fédération nationale catholique des scouts de France,1931-03-15,1931.0,12056,61,5.06,30,22,5,4
bpt6k2355624h,Le Scout de France : revue officielle de la Fédération nationale catholique des scouts de France,1931-04-01,1931.0,5329,57,10.696,18,11,16,12
bpt6k2355625x,Le Scout de France : revue officielle de la Fédération nationale catholique des scouts de France,1931-04-15,1931.0,6573,37,5.629,25,8,1,3
bpt6k2355626b,Le Scout de France : revue officielle de la Fédération nationale catholique des scouts de France,1931-05-01,1931.0,8398,62,7.383,50,7,1,4
bpt6k23556359,Le Scout de France : revue officielle de la Fédération nationale catholique des scouts de France,1931-10-15,1931.0,9089,50,5.501,43,5,2,0
bpt6k2355636q,Le Scout de France : revue officielle de la Fédération nationale catholique des scouts de France,1931-11-01,1931.0,5375,33,6.14,29,3,0,1
bpt6k23556374,Le Scout de France : revue officielle de la Fédération nationale catholique des scouts de France,1931-11-15,1931.0,9721,67,6.892,49,15,2,1
bpt6k2355638j,Le Scout de France : revue officielle de la Fédération nationale catholique des scouts de France,1931-12-01,1931.0,6218,22,3.538,16,4,1,1
bd6t5334368f,Le Scout : revue des Scouts de France,1938-05-20,1938.0,8445,58,6.868,30,23,0,5
